Фамилия Имя Отчество Дата рождения	Текущее подразделение 	Текущая должность	Дипранг
АЗИМОВ АНВАР САРВАРОВИЧ 22.11.1950	ГРУППА ПОСЛОВ ПО ОСОБЫМ ПОРУЧЕНИЯМ МИД РФ 05.09.2011 	ПОСОЛ ПО ОСОБЫМ ПОРУЧЕНИЯМ	ЧРЕЗВЫЧАЙНЫЙ И ПОЛНОМОЧНЫЙ ПОСОЛ 17.11.2009
АЛЕКСЕЕВ АЛЕКСАНДР НИКОЛАЕВИЧ 05.02.1951	ПОСОЛЬСТВО РОССИИ В ПОЛЬШЕ 21.06.2010 	ПОСОЛ	ЧРЕЗВЫЧАЙНЫЙ И ПОЛНОМОЧНЫЙ ПОСОЛ 25.08.2004
АЛЕКСЕЕВ АЛЕКСАНДР ЮРЬЕВИЧ 20.08.1946	ПОСТПРЕДСТВО РОССИИ ПРИ СОВЕТЕ ЕВРОПЫ В СТРАСБУРГЕ 05.02.2007 	ПОСТОЯННЫЙ ПРЕДСТАВИТЕЛЬ	ЧРЕЗВЫЧАЙНЫЙ И ПОЛНОМОЧНЫЙ ПОСОЛ 30.08.1996
АНДРЕЕВ СЕРГЕЙ ВАДИМОВИЧ 26.06.1958	ГЕНСЕКРЕТАРИАТ (ДЕПАРТАМЕНТ) 08.10.2010 	ДИРЕКТОР ДЕПАРТАМЕНТА 	ЧРЕЗВЫЧАЙНЫЙ И ПОЛНОМОЧНЫЙ ПОСОЛ 28.12.2004
АФАНАСЬЕВ ЕВГЕНИЙ ВЛАДИМИРОВИЧ 25.05.1947	ПОСОЛЬСТВО РОССИИ В ЯПОНИИ 20.02.2012	ПОСОЛ	ЧРЕЗВЫЧАЙНЫЙ И ПОЛНОМОЧНЫЙ ПОСОЛ 03.06.1997
АХМЕДОВ СТАНИСЛАВ АНВАРОВИЧ 01.04.1952	ДЕПАРТАМЕНТ АФРИКИ 04.03.2011 	ЗАМ.ДИРЕКТОРА ДЕПАРТАМЕНТА	ЧРЕЗВЫЧАЙНЫЙ И ПОЛНОМОЧНЫЙ ПОСОЛ 29.10.2008
БЕЛОУС ОЛЕГ НИКОЛАЕВИЧ 18.08.1951	ПЕРВЫЙ ЕВРОПЕЙСКИЙ ДЕПАРТАМЕНТ 19.08.2011 	ДИРЕКТОР ДЕПАРТАМЕНТА	ЧРЕЗВЫЧАЙНЫЙ И ПОЛНОМОЧНЫЙ ПОСОЛ 24.01.2000
БЕЛЫЙ МИХАИЛ МИХАЙЛОВИЧ 20.10.1945			ЧРЕЗВЫЧАЙНЫЙ И ПОЛНОМОЧНЫЙ ПОСОЛ 06.08.1994
БЕРДЕННИКОВ ГРИГОРИЙ ВИТАЛЬЕВИЧ 24.12.1950	ГРУППА ПОСЛОВ ПО ОСОБЫМ ПОРУЧЕНИЯМ МИД РФ 25.12.2010 	ПОСОЛ ПО ОСОБЫМ ПОРУЧЕНИЯМ	ЧРЕЗВЫЧАЙНЫЙ И ПОЛНОМОЧНЫЙ ПОСОЛ 05.06.1992
БЛОХИН АЛЕКСАНДР ВИКТОРОВИЧ 12.01.1951	ПОСОЛЬСТВО РОССИИ В ТУРКМЕНИСТАНЕ 05.05.2011 	ПОСОЛ	ЧРЕЗВЫЧАЙНЫЙ И ПОЛНОМОЧНЫЙ ПОСОЛ 29.10.1996
БОГДАНОВ МИХАИЛ ЛЕОНИДОВИЧ 02.03.1952	 РУКОВОДСТВО 12.06.2011 	ЗАМ.МИНИСТРА ИНОСТРАННЫХ ДЕЛ РОССИИ	ЧРЕЗВЫЧАЙНЫЙ И ПОЛНОМОЧНЫЙ ПОСОЛ 31.01.2001
БОЛОТИН БОРИС ФЕДОРОВИЧ 15.10.1950	ПОСОЛЬСТВО РОССИИ В МАРОККО 27.08.2008 	ПОСОЛ	ЧРЕЗВЫЧАЙНЫЙ И ПОЛНОМОЧНЫЙ ПОСОЛ 08.11.2010
БОРОДАВКИН АЛЕКСЕЙ НИКОЛАЕВИЧ 10.12.1950	ПОСТПРЕДСТВО РОССИИ ПРИ ПРИ ОТД.ООН И ДР.МО В ЖЕНЕВЕ  05.12.2011 	ПОСТПРЕД	ЧРЕЗВЫЧАЙНЫЙ И ПОЛНОМОЧНЫЙ ПОСОЛ 28.09.2004
БОЧАРНИКОВ МИХАИЛ НИКОЛАЕВИЧ 06.03.1948	ПОСОЛЬСТВО РОССИИ В КАЗАХСТАНЕ 10.12.2006 	ПОСОЛ	ЧРЕЗВЫЧАЙНЫЙ И ПОЛНОМОЧНЫЙ ПОСОЛ 16.04.1997
БРАТЧИКОВ ИГОРЬ БОРИСОВИЧ 30.09.1956	ПОСОЛЬСТВО РОССИИ В ШВЕЙЦАРИИ 11.10.2007 	ПОСОЛ	ЧРЕЗВЫЧАЙНЫЙ И ПОЛНОМОЧНЫЙ ПОСОЛ 29.12.2005
БУКИН СЕРГЕЙ НИКОЛАЕВИЧ 15.12.1950	ДЕПАРТАМЕНТ БЛИЖНЕГО ВОСТОКА И СЕВЕРНОЙ АФРИКИ 16.12.2010 	ЗАМ.ДИРЕКТОРА ДЕПАРТАМЕНТА	ЧРЕЗВЫЧАЙНЫЙ И ПОЛНОМОЧНЫЙ ПОСОЛ 14.03.2006
БУРЛЯЙ ЯН АНАСТАСЬЕВИЧ 01.01.1947	ПОСОЛЬСТВО РОССИИ В ЭКВАДОРЕ 21.10.2008 	ПОСОЛ	ЧРЕЗВЫЧАЙНЫЙ И ПОЛНОМОЧНЫЙ ПОСОЛ 13.10.1992
ВАНИН МИХАИЛ ВАЛЕНТИНОВИЧ 01.08.1960	 РУКОВОДСТВО 23.09.2009 	ГЕН. ДИРЕКТОР МИД РОССИИ	ЧРЕЗВЫЧАЙНЫЙ И ПОЛНОМОЧНЫЙ ПОСОЛ 10.01.2006
ВЕРШИНИН СЕРГЕЙ ВАСИЛЬЕВИЧ 24.07.1954	ДЕПАРТАМЕНТ БЛИЖНЕГО ВОСТОКА И СЕВЕРНОЙ АФРИКИ 10.08.2011 	ДИРЕКТОР ДЕПАРТАМЕНТА	ЧРЕЗВЫЧАЙНЫЙ И ПОЛНОМОЧНЫЙ ПОСОЛ 29.08.2007
ВЕШНЯКОВ АЛЕКСАНДР АЛЬБЕРТОВИЧ 24.11.1952	ПОСОЛЬСТВО РОССИИ В ЛАТВИИ 11.01.2008 	ПОСОЛ	ЧРЕЗВЫЧАЙНЫЙ И ПОЛНОМОЧНЫЙ ПОСОЛ 29.04.2009
ВЛАДИМИР НИКОЛАЙ МИХАЙЛОВИЧ 06.12.1947	ПОСОЛЬСТВО РОССИИ В НИКАРАГУА 14.11.2007 	ПОСОЛ	ЧРЕЗВЫЧАЙНЫЙ И ПОЛНОМОЧНЫЙ ПОСОЛ 11.02.2008
ВЛАСОВ ВАЛЕНТИН СТЕПАНОВИЧ 20.08.1946	ПОСОЛЬСТВО РОССИИ В КИРГИЗИИ 16.01.2007 	ПОСОЛ	ЧРЕЗВЫЧАЙНЫЙ И ПОЛНОМОЧНЫЙ ПОСОЛ 28.12.2004
ВНУКОВ КОНСТАНТИН ВАСИЛЬЕВИЧ 09.05.1951	ПОСОЛЬСТВО РОССИИ В КОРЕЕ 17.07.2009 	ПОСОЛ	ЧРЕЗВЫЧАЙНЫЙ И ПОЛНОМОЧНЫЙ ПОСОЛ 25.07.2011
ВОРОНКОВ ВЛАДИМИР ИВАНОВИЧ 21.06.1953	ПОСТПРЕДСТВО РОССИИ ПРИ МО В ВЕНЕ, АВСТРИЯ 26.07.2011 	ПОСТОЯННЫЙ ПРЕДСТАВИТЕЛЬ	ЧРЕЗВЫЧАЙНЫЙ И ПОЛНОМОЧНЫЙ ПОСОЛ 17.01.2011
  ГАРМОНИН СЕРГЕЙ ВИКТОРОВИЧ 01.05.1953	ДЕПАРТАМЕНТ СПЕЦИАЛЬНОЙ СВЯЗИ 15.12.2009	ДИРЕКТОР ДЕПАРТАМЕНТА	ЧРЕЗВЫЧАЙНЫЙ И ПОЛНОМОЧНЫЙ ПОСОЛ 10.02.2012
ГАТИЛОВ ГЕННАДИЙ МИХАЙЛОВИЧ 25.08.1950	 РУКОВОДСТВО 24.01.2011 	ЗАМ.МИНИСТРА ИНОСТРАННЫХ ДЕЛ РОССИИ	ЧРЕЗВЫЧАЙНЫЙ И ПОЛНОМОЧНЫЙ ПОСОЛ 12.07.2010
ГЕВОРГЯН КИРИЛЛ ГОРАЦИЕВИЧ 08.04.1953	ПРАВОВОЙ ДЕПАРТАМЕНТ 01.12.2009 	ДИРЕКТОР ДЕПАРТАМЕНТА	ЧРЕЗВЫЧАЙНЫЙ И ПОЛНОМОЧНЫЙ ПОСОЛ 29.08.2007
ГОЛОВИН АЛЕКСАНДР ВАСИЛЬЕВИЧ 05.12.1949	ГРУППА ПОСЛОВ ПО ОСОБЫМ ПОРУЧЕНИЯМ МИД РФ 05.12.2009 	ПОСОЛ ПО ОСОБЫМ ПОРУЧЕНИЯМ	ЧРЕЗВЫЧАЙНЫЙ И ПОЛНОМОЧНЫЙ ПОСОЛ 06.05.2003
ГРИНИН ВЛАДИМИР МИХАЙЛОВИЧ 15.11.1947	ПОСОЛЬСТВО РОССИИ В ФРГ 02.07.2010 	ПОСОЛ	ЧРЕЗВЫЧАЙНЫЙ И ПОЛНОМОЧНЫЙ ПОСОЛ 25.01.1999
ГРУШКО АЛЕКСАНДР ВИКТОРОВИЧ 25.04.1955	 РУКОВОДСТВО 06.09.2005 	ЗАМ.МИНИСТРА ИНОСТРАННЫХ ДЕЛ РОССИИ	ЧРЕЗВЫЧАЙНЫЙ И ПОЛНОМОЧНЫЙ ПОСОЛ 12.07.2004
ДЕНИСОВ АНДРЕЙ ИВАНОВИЧ 03.10.1952	 РУКОВОДСТВО 08.04.2006 	1-Й ЗАМ.МИНИСТРА ИНОСТР.ДЕЛ РОССИИ	ЧРЕЗВЫЧАЙНЫЙ И ПОЛНОМОЧНЫЙ ПОСОЛ 29.04.2003
ДУЛЬЯН АЛЕКСЕЙ ГАЙКОВИЧ 10.09.1947	ПОСОЛЬСТВО РОССИИ В МАЛИ 14.07.2010 	ПОСОЛ	ЧРЕЗВЫЧАЙНЫЙ И ПОЛНОМОЧНЫЙ ПОСОЛ 30.07.2012
ДОРОХИН ВЛАДИМИР ДМИТРИЕВИЧ 19.12.1948	ПОСОЛЬСТВО РОССИИ В АЗЕРБАЙДЖАНЕ 24.02.2009 	ПОСОЛ	ЧРЕЗВЫЧАЙНЫЙ И ПОЛНОМОЧНЫЙ ПОСОЛ 22.11.2010
ЕЛИЗАРОВ НИКОЛАЙ МИХАЙЛОВИЧ 01.05.1937	РОТАЦИОННЫЙ РЕЗЕРВ 15.08.2008 	ЭКСПЕРТ	ЧРЕЗВЫЧАЙНЫЙ И ПОЛНОМОЧНЫЙ ПОСОЛ 24.01.1992
ЕРМАКОВ АЛЕКСЕЙ АЛЕКСАНДРОВИЧ 27.03.1951	ПОСОЛЬСТВО РОССИИ В ПАНАМЕ 07.07.2009 	ПОСОЛ	ЧРЕЗВЫЧАЙНЫЙ И ПОЛНОМОЧНЫЙ ПОСОЛ 21.01.2003
ЗАВГАЕВ ДОКУ ГАПУРОВИЧ 22.12.1940	ПОСОЛЬСТВО РОССИИ В СЛОВЕНИИ 23.09.2009 	ПОСОЛ	ЧРЕЗВЫЧАЙНЫЙ И ПОЛНОМОЧНЫЙ ПОСОЛ 27.07.1998
ЗМЕЕВСКИЙ АЛЕКСАНДР ВЛАДИМИРОВИЧ 14.07.1957	ГРУППА ПОСЛОВ ПО ОСОБЫМ ПОРУЧЕНИЯМ МИД РФ 06.10.2011 	ПОСОЛ ПО ОСОБЫМ ПОРУЧЕНИЯМ	ЧРЕЗВЫЧАЙНЫЙ И ПОЛНОМОЧНЫЙ ПОСОЛ 28.07.2008
ЗОТИН ВИКТОР ГАВРИЛОВИЧ 04.12.1947	ПОСОЛЬСТВО РОССИИ НА ЯМАЙКЕ 03.01.2007	ПОСОЛ	ЧРЕЗВЫЧАЙНЫЙ И ПОЛНОМОЧНЫЙ ПОСОЛ 10.02.2012
ЗУРАБОВ МИХАИЛ ЮРЬЕВИЧ 03.10.1953	ПОСОЛЬСТВО РОССИИ НА УКРАИНЕ 05.08.2009 	ПОСОЛ	ЧРЕЗВЫЧАЙНЫЙ И ПОЛНОМОЧНЫЙ ПОСОЛ 12.06.2011
ИВАНОВ АЛЕКСАНДР АНАТОЛЬЕВИЧ 09.05.1952	ПОСОЛЬСТВО РОССИИ В ИНДОНЕЗИИ 02.02.2007 	ПОСОЛ	ЧРЕЗВЫЧАЙНЫЙ И ПОЛНОМОЧНЫЙ ПОСОЛ 08.11.2010
ИВАНОВСКИЙ ВЛАДИМИР ЕВГЕНЬЕВИЧ 09.05.1948	ПОСОЛЬСТВО РОССИИ В ТУРЦИИ 27.02.2007 	ПОСОЛ	ЧРЕЗВЫЧАЙНЫЙ И ПОЛНОМОЧНЫЙ ПОСОЛ 16.01.2006
ИСАКОВ ЮРИЙ НИКОЛАЕВИЧ 18.03.1948	ПОСОЛЬСТВО РОССИИ В БОЛГАРИИ 16.08.2008 	ПОСОЛ	ЧРЕЗВЫЧАЙНЫЙ И ПОЛНОМОЧНЫЙ ПОСОЛ 13.04.2009
КАБАНОВ ОЛЕГ ВИКТОРОВИЧ 28.04.1954	ПОСОЛЬСТВО РОССИИ В ЛНДР 03.02.2010 	ПОСОЛ	ЧРЕЗВЫЧАЙНЫЙ И ПОЛНОМОЧНЫЙ ПОСОЛ 08.11.2010
КАБУЛОВ ЗАМИР НАБИЕВИЧ 22.06.1954	ВТОРОЙ ДЕПАРТАМЕНТ АЗИИ 17.05.2011 	ДИРЕКТОР ДЕПАРТАМЕНТА	ЧРЕЗВЫЧАЙНЫЙ И ПОЛНОМОЧНЫЙ ПОСОЛ 12.07.2010
КАДАКИН АЛЕКСАНДР МИХАЙЛОВИЧ 22.07.1949	ПОСОЛЬСТВО РОССИИ В ИНДИИ 27.10.2009 	ПОСОЛ	ЧРЕЗВЫЧАЙНЫЙ И ПОЛНОМОЧНЫЙ ПОСОЛ 24.01.1994
КАЛУГИН АЛЕКСАНДР МИХАЙЛОВИЧ 20.09.1945	ПОСОЛЬСТВО РОССИИ В ИОРДАНИИ 07.03.2006 	ПОСОЛ	ЧРЕЗВЫЧАЙНЫЙ И ПОЛНОМОЧНЫЙ ПОСОЛ 22.07.2003
КАМЫНИН МИХАИЛ ЛЕОНИДОВИЧ 13.08.1956	ПОСОЛЬСТВО РОССИИ НА КУБЕ 14.04.2008 	ПОСОЛ	ЧРЕЗВЫЧАЙНЫЙ И ПОЛНОМОЧНЫЙ ПОСОЛ 13.11.2007
КАРАСИН ГРИГОРИЙ БОРИСОВИЧ 23.08.1949	 РУКОВОДСТВО 19.10.2005 	СТАТС-СЕКРЕТАРЬ-ЗАМ.МИНИСТРА ИН.ДЕЛ РФ	ЧРЕЗВЫЧАЙНЫЙ И ПОЛНОМОЧНЫЙ ПОСОЛ 02.03.1995
КАРЛОВ АНДРЕЙ ГЕННАДЬЕВИЧ 04.02.1954	КОНСУЛЬСКИЙ ДЕПАРТАМЕНТ 16.02.2010 	ДИРЕКТОР ДЕПАРТАМЕНТА	ЧРЕЗВЫЧАЙНЫЙ И ПОЛНОМОЧНЫЙ ПОСОЛ 22.03.2011
КАРПУШИН АЛЕКСАНДР РОМАНОВИЧ 16.04.1949	УПРАВЛЕНИЕ ДЕЛАМИ (ДЕПАРТАМЕНТ) 24.01.2011 	ДИРЕКТОР ДЕПАРТАМЕНТА	ЧРЕЗВЫЧАЙНЫЙ И ПОЛНОМОЧНЫЙ ПОСОЛ 20.11.2009
КЕЛИН  АНДРЕЙ ВЛАДИМИРОВИЧ 15.05.1957	ПОСТПРЕДСТВО РОССИИ ПРИ ОБСЕ В ВЕНЕ, АВСТРИЯ 07.06.2011 	ПОСТОЯННЫЙ ПРЕДСТАВИТЕЛЬ	ЧРЕЗВЫЧАЙНЫЙ И ПОЛНОМОЧНЫЙ ПОСОЛ 14.11.2012
КЕМАРСКИЙ АНДРЕЙ ВАДИМОВИЧ 29.11.1955	ПОСОЛЬСТВО РОССИИ В МОЗАМБИКЕ 27.08.2010 	ПОСОЛ	ЧРЕЗВЫЧАЙНЫЙ И ПОЛНОМОЧНЫЙ ПОСОЛ 14.12.2012
КИРПИЧЕНКО СЕРГЕЙ ВАДИМОВИЧ 13.08.1951	ПОСОЛЬСТВО РОССИИ В АРЕ 07.09.2011 	ПОСОЛ	ЧРЕЗВЫЧАЙНЫЙ И ПОЛНОМОЧНЫЙ ПОСОЛ 06.02.2007
КИСЕЛЕВ СЕРГЕЙ БОРИСОВИЧ 16.10.1947	ПОСОЛЬСТВО РОССИИ В ЧЕХИИ 30.08.2010 	ПОСОЛ	ЧРЕЗВЫЧАЙНЫЙ И ПОЛНОМОЧНЫЙ ПОСОЛ 05.05.1999
КИСЛЯК СЕРГЕЙ ИВАНОВИЧ 07.09.1950	ПОСОЛЬСТВО РОССИИ В США 26.07.2008 	ПОСОЛ	ЧРЕЗВЫЧАЙНЫЙ И ПОЛНОМОЧНЫЙ ПОСОЛ 18.07.1995
КЛИМЕНКО АНАТОЛИЙ ИВАНОВИЧ 12.11.1947	ПОСОЛЬСТВО РОССИИ В ДЕМ.РЕСПУБЛИКЕ КОНГО (КИНШАСА)  27.08.2008 	ПОСОЛ	ЧРЕЗВЫЧАЙНЫЙ И ПОЛНОМОЧНЫЙ ПОСОЛ 21.05.2010
КОВАЛЕНКО ВЯЧЕСЛАВ ЕВГЕНЬЕВИЧ 27.03.1946	ПОСОЛЬСТВО РОССИИ В АРМЕНИИ 08.07.2009 	ПОСОЛ	ЧРЕЗВЫЧАЙНЫЙ И ПОЛНОМОЧНЫЙ ПОСОЛ 25.10.2008
КОЛОДКИН РОМАН АНАТОЛЬЕВИЧ 29.07.1960	ПОСОЛЬСТВО РОССИИ В НИДЕРЛАНДАХ 05.11.2009 	ПОСОЛ	ЧРЕЗВЫЧАЙНЫЙ И ПОЛНОМОЧНЫЙ ПОСОЛ 21.10.2010
КОНДРАШЕВ ИГОРЬ СЕРГЕЕВИЧ 13.10.1948	ПОСОЛЬСТВО РОССИИ В НИКАРАГУА 29.11.2005 	ПОСОЛ	ЧРЕЗВЫЧАЙНЫЙ И ПОЛНОМОЧНЫЙ ПОСОЛ 17.01.2011
КОНУЗИН АЛЕКСАНДР ВАСИЛЬЕВИЧ 25.12.1947	ПОСОЛЬСТВО РОССИИ В СЕРБИИ 27.03.2008 	ПОСОЛ	ЧРЕЗВЫЧАЙНЫЙ И ПОЛНОМОЧНЫЙ ПОСОЛ 11.03.2009
КОРСУН АНАТОЛИЙ НИКОЛАЕВИЧ 19.10.1947	ПОСОЛЬСТВО РОССИИ В БОТСВАНЕ 29.02.2008 	ПОСОЛ	ЧРЕЗВЫЧАЙНЫЙ И ПОЛНОМОЧНЫЙ ПОСОЛ 14.11.2012
КОРЧАГИН ЮРИЙ ПЕТРОВИЧ 28.12.1950	ПОСОЛЬСТВО РОССИИ В ИСПАНИИ 20.02.2012	ПОСОЛ	ЧРЕЗВЫЧАЙНЫЙ И ПОЛНОМОЧНЫЙ ПОСОЛ 24.01.2008
КРАМАРЕНКО АЛЕКСАНДР МИХАЙЛОВИЧ 15.03.1952	ПОСОЛЬСТВО РОССИИ В ВЕЛИКОБРИТАНИИ 17.07.2011 16.07.2014	СОВЕТНИК-ПОСЛАННИК	ЧРЕЗВЫЧАЙНЫЙ И ПОЛНОМОЧНЫЙ ПОСОЛ 23.04.2008
КУЗНЕЦОВ АЛЕКСАНДР ИГОРЕВИЧ 18.10.1951			ЧРЕЗВЫЧАЙНЫЙ И ПОЛНОМОЧНЫЙ ПОСОЛ 12.07.2004
КУЗЬМИН ВАЛЕРИЙ ИВАНОВИЧ 24.06.1953			ЧРЕЗВЫЧАЙНЫЙ И ПОЛНОМОЧНЫЙ ПОСОЛ 17.11.2009
КУЛЬМУХАМЕТОВ АЗАМАТ РАХМЕТОВИЧ  06.08.1953	ПОСОЛЬСТВО РОССИИ В СИРИИ 07.09.2011	ПОСОЛ	ЧРЕЗВЫЧАЙНЫЙ И ПОЛНОМОЧНЫЙ ПОСОЛ 01.05.2012
КУШАКОВ АНДРЕЙ АНАТОЛЬЕВИЧ 20.05.1952	ПОСОЛЬСТВО РОССИИ В ЗИМБАБВЕ 15.12.2010 	ПОСОЛ	ЧРЕЗВЫЧАЙНЫЙ И ПОЛНОМОЧНЫЙ ПОСОЛ 06.09.2011
ЛАВРОВ СЕРГЕЙ ВИКТОРОВИЧ 21.03.1950	 РУКОВОДСТВО 09.03.2004 	МИНИСТР ИНОСТРАННЫХ ДЕЛ	ЧРЕЗВЫЧАЙНЫЙ И ПОЛНОМОЧНЫЙ ПОСОЛ 05.06.1992
ЛУКОВ ВАДИМ БОРИСОВИЧ 30.06.1953	ГРУППА ПОСЛОВ ПО ОСОБЫМ ПОРУЧЕНИЯМ МИД РФ 14.12.2009 	ПОСОЛ ПО ОСОБЫМ ПОРУЧЕНИЯМ	ЧРЕЗВЫЧАЙНЫЙ И ПОЛНОМОЧНЫЙ ПОСОЛ 30.04.2003
ЛУНЬКОВ НИКОЛАЙ МИТРОФАНОВИЧ 07.01.1919	ГРУППА ВНЕШТАТНЫХ КОНСУЛЬТАНТОВ 01.04.1992 	ВНЕШТАТНЫЙ КОНСУЛЬТАНТ	ЧРЕЗВЫЧАЙНЫЙ И ПОЛНОМОЧНЫЙ ПОСОЛ 18.01.1962
ЛЯКИН-ФРОЛОВ ИГОРЬ СЕМЕНОВИЧ 10.09.1948	ГРУППА ПОСЛОВ ПО ОСОБЫМ ПОРУЧЕНИЯМ МИД РФ 01.07.2010 	ПОСОЛ ПО ОСОБЫМ ПОРУЧЕНИЯМ	ЧРЕЗВЫЧАЙНЫЙ И ПОЛНОМОЧНЫЙ ПОСОЛ 29.12.2005
МАКАРЕНКО АЛЕКСАНДР МИХАЙЛОВИЧ 28.08.1949	ПОСОЛЬСТВО РОССИИ В КЕНИИ 23.12.2010 	ПОСОЛ	ЧРЕЗВЫЧАЙНЫЙ И ПОЛНОМОЧНЫЙ ПОСОЛ 18.02.2002
МАКАРОВ АНАТОЛИЙ АНАТОЛЬЕВИЧ 31.10.1951	ПОСОЛЬСТВО РОССИИ В ЮАР 21.07.2006 	ПОСОЛ	ЧРЕЗВЫЧАЙНЫЙ И ПОЛНОМОЧНЫЙ ПОСОЛ 27.07.2004
МАЛАЯН ЭДУАРД РУБЕНОВИЧ 03.09.1947	ГРУППА ПОСЛОВ ПО ОСОБЫМ ПОРУЧЕНИЯМ МИД РФ 12.10.2009 	ПОСОЛ ПО ОСОБЫМ ПОРУЧЕНИЯМ	ЧРЕЗВЫЧАЙНЫЙ И ПОЛНОМОЧНЫЙ ПОСОЛ 14.11.2007
МАМЕДОВ ГЕОРГИЙ ЭНВЕРОВИЧ 09.09.1947	ПОСОЛЬСТВО РОССИИ В КАНАДЕ 15.06.2003 	ПОСОЛ	ЧРЕЗВЫЧАЙНЫЙ И ПОЛНОМОЧНЫЙ ПОСОЛ 05.06.1992
МАРКАРЯН РОБЕРТ ВАРТАНОВИЧ 20.04.1949	ПОСОЛЬСТВО РОССИИ В ХОРВАТИИ 23.07.2009 	ПОСОЛ	ЧРЕЗВЫЧАЙНЫЙ И ПОЛНОМОЧНЫЙ ПОСОЛ 15.11.1999
МАРЬЯСОВ АЛЕКСАНДР ГЕОРГИЕВИЧ 26.07.1947	ПОСОЛЬСТВО РОССИИ В ТАИЛАНДЕ 03.02.2010 	ПОСОЛ	ЧРЕЗВЫЧАЙНЫЙ И ПОЛНОМОЧНЫЙ ПОСОЛ 13.11.2007
МГЕЛАДЗЕ МИХАИЛ МИХАЙЛОВИЧ 02.04.1948	ПОСОЛЬСТВО РОССИИ В МЬЯНМЕ 11.10.2006	ПОСОЛ	ЧРЕЗВЫЧАЙНЫЙ И ПОЛНОМОЧНЫЙ ПОСОЛ 01.05.2012
МЕРЗЛЯКОВ ЮРИЙ НИКОЛАЕВИЧ 09.04.1949	ПОСОЛЬСТВО РОССИИ В ЭСТОНИИ 14.07.2010 	ПОСОЛ	ЧРЕЗВЫЧАЙНЫЙ И ПОЛНОМОЧНЫЙ ПОСОЛ 27.04.2000
МЕШКОВ АЛЕКСЕЙ ЮРЬЕВИЧ  22.08.1959	ПОСОЛЬСТВО РОССИИ В ИТАЛИИ 11.02.2004 	ПОСОЛ	ЧРЕЗВЫЧАЙНЫЙ И ПОЛНОМОЧНЫЙ ПОСОЛ 28.12.2004
МИТРОФАНОВА ЭЛЕОНОРА ВАЛЕНТИНОВНА 11.06.1953	ПОСТПРЕДСТВО РОССИИ ПРИ ЮНЕСКО В ПАРИЖЕ, ФРАНЦИЯ   28.01.2009 	ПОСТОЯННЫЙ ПРЕДСТАВИТЕЛЬ	ЧРЕЗВЫЧАЙНЫЙ И ПОЛНОМОЧНЫЙ ПОСОЛ 09.02.2010
МИХАЙЛОВ ЕВГЕНИЙ НИКОЛАЕВИЧ 18.01.1947	ГРУППА ПОСЛОВ ПО ОСОБЫМ ПОРУЧЕНИЯМ МИД РФ 18.01.2007 	ПОСОЛ ПО ОСОБЫМ ПОРУЧЕНИЯМ	ЧРЕЗВЫЧАЙНЫЙ И ПОЛНОМОЧНЫЙ ПОСОЛ 20.07.1994
МОИСЕЕВ ЛЕОНИД ПЕТРОВИЧ 16.01.1948	ГРУППА ПОСЛОВ ПО ОСОБЫМ ПОРУЧЕНИЯМ МИД РФ 16.01.2008 	ПОСОЛ ПО ОСОБЫМ ПОРУЧЕНИЯМ	ЧРЕЗВЫЧАЙНЫЙ И ПОЛНОМОЧНЫЙ ПОСОЛ 20.08.2004
МОРГУЛОВ ИГОРЬ ВЛАДИМИРОВИЧ 04.05.1961	РУКОВОДСТВО 22.11.2011	ЗАМ.МИНИСТРА ИНОСТРАННЫХ ДЕЛ РОССИИ	ЧРЕЗВЫЧАЙНЫЙ И ПОЛНОМОЧНЫЙ ПОСОЛ 01.05.2012
МОРОЗОВ ВАЛЕРИЙ ИВАНОВИЧ 19.09.1945	ПОСОЛЬСТВО РОССИИ В МЕКСИКЕ 09.08.2005 	ПОСОЛ	ЧРЕЗВЫЧАЙНЫЙ И ПОЛНОМОЧНЫЙ ПОСОЛ 20.04.2002
МОРОЗОВ ВЛАДИМИР НИКОЛАЕВИЧ 25.08.1949	ПОСОЛЬСТВО РОССИИ В АВСТРАЛИИ 29.06.2010 	ПОСОЛ	ЧРЕЗВЫЧАЙНЫЙ И ПОЛНОМОЧНЫЙ ПОСОЛ 28.11.2007
МУХАМЕТШИН ФАРИТ МУБАРАКШЕВИЧ	ПОСОЛЬСТВО РОССИИ В МОЛДАВИИ 05.04.2012	ПОСОЛ	ЧРЕЗВЫЧАЙНЫЙ И ПОЛНОМОЧНЫЙ ПОСОЛ
НЕВЕРОВ ИГОРЬ СВЯТОСЛАВОВИЧ 20.06.1956	ПОСОЛЬСТВО РОССИИ В ШВЕЦИИ 04.09.2009 	ПОСОЛ	ЧРЕЗВЫЧАЙНЫЙ И ПОЛНОМОЧНЫЙ ПОСОЛ 28.07.2008
НЕНАШЕВ СЕРГЕЙ ВАСИЛЬЕВИЧ 24.03.1947	ПОСОЛЬСТВО РОССИИ В АНГОЛЕ 20.10.2007 	ПОСОЛ	ЧРЕЗВЫЧАЙНЫЙ И ПОЛНОМОЧНЫЙ ПОСОЛ 09.02.2010
НЕСТЕРЕНКО АНДРЕЙ АЛЕКСЕЕВИЧ 03.05.1955	ПОСОЛЬСТВО РОССИИ В ЧЕРНОГОРИИ 30.03.2011 	ПОСОЛ	ЧРЕЗВЫЧАЙНЫЙ И ПОЛНОМОЧНЫЙ ПОСОЛ 15.07.2005
НЕСТЕРУШКИН ВАЛЕРИЙ МИХАЙЛОВИЧ 28.04.1949	ПОСОЛЬСТВО РОССИИ В СЕНЕГАЛЕ 19.04.2010 	ПОСОЛ	ЧРЕЗВЫЧАЙНЫЙ И ПОЛНОМОЧНЫЙ ПОСОЛ 14.07.2009
НЕЧАЕВ СЕРГЕЙ ЮРЬЕВИЧ  02.06.1953	ПОСОЛЬСТВО РОССИИ В АВСТРИИ 08.04.2010	ПОСОЛ	ЧРЕЗВЫЧАЙНЫЙ И ПОЛНОМОЧНЫЙ ПОСОЛ 10.02.2012
ОБУХОВ АЛЕКСЕЙ АЛЕКСАНДРОВИЧ 12.11.1937	ВТОРОЙ ЕВРОПЕЙСКИЙ ДЕПАРТАМЕНТ 01.08.2007 	ЭКСПЕРТ	ЧРЕЗВЫЧАЙНЫЙ И ПОЛНОМОЧНЫЙ ПОСОЛ 05.02.1985
ОРЛОВ АЛЕКСАНДР КОНСТАНТИНОВИЧ 17.03.1948	ПОСОЛЬСТВО РОССИИ ВО ФРАНЦИИ 14.10.2008 	ПОСОЛ	ЧРЕЗВЫЧАЙНЫЙ И ПОЛНОМОЧНЫЙ ПОСОЛ 20.07.2005
ОРЛОВ  ВАЛЕРИЙ ЯКОВЛЕВИЧ 26.07.1947	ПОСОЛЬСТВО РОССИИ В ДЖИБУТИ 20.01.2009 	ПОСОЛ	ЧРЕЗВЫЧАЙНЫЙ И ПОЛНОМОЧНЫЙ ПОСОЛ 04.11.2011
ОРЛОВЕЦ МИХАИЛ ИВАНОВИЧ 08.06.1950	ПОСОЛЬСТВО РОССИИ В ЧИЛИ 26.07.2011 	ПОСОЛ	ЧРЕЗВЫЧАЙНЫЙ И ПОЛНОМОЧНЫЙ ПОСОЛ 11.02.2008
ОСАДЧИЙ СТАНИСЛАВ ВИЛИОРОВИЧ 26.01.1951	ДЕПАРТАМЕНТ БЕЗОПАСНОСТИ 27.01.2011 	ДИРЕКТОР ДЕПАРТАМЕНТА	ЧРЕЗВЫЧАЙНЫЙ И ПОЛНОМОЧНЫЙ ПОСОЛ 12.07.2004
ПАВЛОВСКИЙ ВЯЧЕСЛАВ АЛЬФРЕДОВИЧ 30.08.1956	ПОСОЛЬСТВО РОССИИ В НОРВЕГИИ 20.07.2010 	ПОСОЛ	ЧРЕЗВЫЧАЙНЫЙ И ПОЛНОМОЧНЫЙ ПОСОЛ 24.10.2008
ПЕТРОВСКИЙ ПАВЕЛ ФЕДОРОВИЧ 02.07.1947	ПОСОЛЬСТВО РОССИИ В ПОРТУГАЛИИ 26.05.2006 	ПОСОЛ	ЧРЕЗВЫЧАЙНЫЙ И ПОЛНОМОЧНЫЙ ПОСОЛ 20.04.2002
ПЕШКОВ МАКСИМ АЛЕКСАНДРОВИЧ 30.06.1950	ПОСОЛЬСТВО РОССИИ В ИРЛАНДИИ 20.02.2012	ПОСОЛ	ЧРЕЗВЫЧАЙНЫЙ И ПОЛНОМОЧНЫЙ ПОСОЛ 05.03.2005
ПОПОВ ЮРИЙ ФЕДОРОВИЧ 25.06.1954	ПОСОЛЬСТВО РОССИИ В ТАДЖИКИСТАНЕ 06.03.2009 	ПОСОЛ	ЧРЕЗВЫЧАЙНЫЙ И ПОЛНОМОЧНЫЙ ПОСОЛ 22.03.2011
ПРЫГИН ВЛАДИМИР ИВАНОВИЧ  13.01.1948	ПОСОЛЬСТВО РОССИИ В ЧАДЕ 14.01.2010	ПОСОЛ	ЧРЕЗВЫЧАЙНЫЙ И ПОЛНОМОЧНЫЙ ПОСОЛ 01.05.2012
РАЗОВ СЕРГЕЙ СЕРГЕЕВИЧ 28.01.1953	ПОСОЛЬСТВО РОССИИ В КНР 19.08.2005 	ПОСОЛ	ЧРЕЗВЫЧАЙНЫЙ И ПОЛНОМОЧНЫЙ ПОСОЛ 24.01.1992
РАМИШВИЛИ ТЕЙМУРАЗ ОТАРОВИЧ 04.05.1955	ПОСОЛЬСТВО РОССИИ В ДАНИИ 02.11.2007 	ПОСОЛ	ЧРЕЗВЫЧАЙНЫЙ И ПОЛНОМОЧНЫЙ ПОСОЛ 28.01.2004
РАННИХ АЛЕКСАНДР АЛЕКСАНДРОВИЧ 25.07.1949	ПОСОЛЬСТВО РОССИИ В ТАНЗАНИИ 27.08.2010 	ПОСОЛ	ЧРЕЗВЫЧАЙНЫЙ И ПОЛНОМОЧНЫЙ ПОСОЛ 06.08.1992
РОЖКОВ АНДРЕЙ НИКОЛАЕВИЧ 05.11.1944	ПОСОЛЬСТВО РОССИИ В СИНГАПУРЕ 26.06.2005 	ПОСОЛ	ЧРЕЗВЫЧАЙНЫЙ И ПОЛНОМОЧНЫЙ ПОСОЛ 23.04.2008
РОМАНОВ АЛЕКСАНДР АЛЕКСАНДРОВИЧ 29.11.1950	ПОСОЛЬСТВО РОССИИ В БЕЛЬГИИ 19.11.2009 	ПОСОЛ	ЧРЕЗВЫЧАЙНЫЙ И ПОЛНОМОЧНЫЙ ПОСОЛ 11.02.2008
РОМАНОВ ЮРИЙ АЛЕКСАНДРОВИЧ 13.12.1945 	ПОСОЛЬСТВО РОССИИ В КОНГО (БРАЗЗАВИЛЬ) 15.10.2009	ПОСОЛ	ЧРЕЗВЫЧАЙНЫЙ И ПОЛНОМОЧНЫЙ ПОСОЛ 10.02.2012
РУМЯНЦЕВ АЛЕКСАНДР ЮРЬЕВИЧ 26.07.1945	ПОСОЛЬСТВО РОССИИ В ФИНЛЯНДИИ 24.05.2006 	ПОСОЛ	ЧРЕЗВЫЧАЙНЫЙ И ПОЛНОМОЧНЫЙ ПОСОЛ 23.04.2008
РЯБКОВ СЕРГЕЙ АЛЕКСЕЕВИЧ 08.07.1960	 РУКОВОДСТВО 15.08.2008 	ЗАМ.МИНИСТРА ИНОСТРАННЫХ ДЕЛ РОССИИ	ЧРЕЗВЫЧАЙНЫЙ И ПОЛНОМОЧНЫЙ ПОСОЛ 04.03.2009
САДОВНИКОВ АЛЕКСАНДР АЛЕКСЕЕВИЧ 29.10.1948			ЧРЕЗВЫЧАЙНЫЙ И ПОЛНОМОЧНЫЙ ПОСОЛ 29.08.2007
САДЧИКОВ НИКОЛАЙ ИВАНОВИЧ 20.03.1946	ПОСОЛЬСТВО РОССИИ В ВАТИКАНЕ 26.08.2005 	ПОСОЛ	ЧРЕЗВЫЧАЙНЫЙ И ПОЛНОМОЧНЫЙ ПОСОЛ 20.09.2003
САМОЙЛЕНКО ВИКТОР ВАСИЛЬЕВИЧ 02.03.1947	ПОСОЛЬСТВО РОССИИ В МОНГОЛИИ 21.09.2009 	ПОСОЛ	ЧРЕЗВЫЧАЙНЫЙ И ПОЛНОМОЧНЫЙ ПОСОЛ 25.10.2010
СЕРАФИМОВ ВАДИМ ВИКТОРОВИЧ 29.08.1949	ТРЕТИЙ ДЕПАРТАМЕНТ АЗИИ 08.02.2010 	ЗАМ.ДИРЕКТОРА ДЕПАРТАМЕНТА	ЧРЕЗВЫЧАЙНЫЙ И ПОЛНОМОЧНЫЙ ПОСОЛ 18.08.2006
СОЛОЦИНСКИЙ ВЛАДИМИР ДМИТРИЕВИЧ 25.09.1948	РОТАЦИОННЫЙ РЕЗЕРВ 16.05.2011 	ЗАМ.ДИРЕКТОРА ДЕПАРТАМЕНТА	ЧРЕЗВЫЧАЙНЫЙ И ПОЛНОМОЧНЫЙ ПОСОЛ 17.12.2008
СУРИКОВ АЛЕКСАНДР АЛЕКСАНДРОВИЧ 15.08.1940	ПОСОЛЬСТВО РОССИИ В БЕЛОРУССИИ 28.02.2006 	ПОСОЛ	ЧРЕЗВЫЧАЙНЫЙ И ПОЛНОМОЧНЫЙ ПОСОЛ 12.04.2010
СУХИНИН ВАЛЕРИЙ ЕВГЕНЬЕВИЧ 16.01.1950	ПОСОЛЬСТВО РОССИИ В КНДР 02.02.2007 	ПОСОЛ	ЧРЕЗВЫЧАЙНЫЙ И ПОЛНОМОЧНЫЙ ПОСОЛ 25.10.2010
ТАРАСОВ ГЕННАДИЙ ПАВЛОВИЧ 14.09.1947	ГРУППА ПОСЛОВ ПО ОСОБЫМ ПОРУЧЕНИЯМ МИД РФ 15.09.2008 	ПОСОЛ ПО ОСОБЫМ ПОРУЧЕНИЯМ	ЧРЕЗВЫЧАЙНЫЙ И ПОЛНОМОЧНЫЙ ПОСОЛ 27.01.1993
ТАТАРИНОВ АНДРЕЙ АЛЕКСЕЕВИЧ 01.01.1951	ПОСОЛЬСТВО РОССИИ В НОВОЙ ЗЕЛАНДИИ 11.09.2008 	ПОСОЛ	ЧРЕЗВЫЧАЙНЫЙ И ПОЛНОМОЧНЫЙ ПОСОЛ 09.02.2010
ТАТАРИНЦЕВ ВИКТОР  ИВАНОВИЧ 23.10.1954	ВТОРОЙ ЕВРОПЕЙСКИЙ ДЕПАРТАМЕНТ	ДИРЕКТОР ДЕПАРТАМЕННТА	ЧРЕЗВЫЧАЙНЫЙ И ПОЛНОМОЧНЫЙ ПОСОЛ 16.07.2012
ТИТОВ ВЛАДИМИР ГЕННАДИЕВИЧ 28.07.1958	 РУКОВОДСТВО 19.10.2005 	ЗАМ.МИНИСТРА ИНОСТРАННЫХ ДЕЛ РОССИИ	ЧРЕЗВЫЧАЙНЫЙ И ПОЛНОМОЧНЫЙ ПОСОЛ 10.02.2004
ТИТОРЕНКО ВЛАДИМИР ЕФИМОВИЧ  06.08.1958		ПОСОЛ	ЧРЕЗВЫЧАЙНЫЙ И ПОЛНОМОЧНЫЙ ПОСОЛ 12.02.2012
ТОКОВИНИН АЛЕКСАНДР АВРЕЛЬЕВИЧ 12.10.1956	ДЕПАРТАМЕНТ ВНЕШНЕПОЛИТИЧЕСКОГО ПЛАНИРОВАНИЯ 01.06.2011 	ДИРЕКТОР ДЕПАРТАМЕНТА	ЧРЕЗВЫЧАЙНЫЙ И ПОЛНОМОЧНЫЙ ПОСОЛ 30.07.2012
ТОЛКАЧ АЛЕКСАНДР АЛЕКСАНДРОВИЧ 15.10.1948	ПОСОЛЬСТВО РОССИИ В ВЕНГРИИ 23.09.2009 	ПОСОЛ	ЧРЕЗВЫЧАЙНЫЙ И ПОЛНОМОЧНЫЙ ПОСОЛ 28.12.2004
ТРЕТЬЯКОВ СЕРГЕЙ МИХАЙЛОВИЧ 22.11.1950	ПЕРВЫЙ ДЕПАРТАМЕНТ СТРАН СНГ 23.11.2010 	ЗАМ.ДИРЕКТОРА ДЕПАРТАМЕНТА	ЧРЕЗВЫЧАЙНЫЙ И ПОЛНОМОЧНЫЙ ПОСОЛ 01.10.1993
ТЮРДЕНЕВ ВЛАДИМИР ЛЬВОВИЧ 22.04.1949	ПОСОЛЬСТВО РОССИИ В УЗБЕКИСТАНЕ 23.11.2009 	ПОСОЛ	ЧРЕЗВЫЧАЙНЫЙ И ПОЛНОМОЧНЫЙ ПОСОЛ 18.07.1995
УДАЛЬЦОВ АЛЕКСАНДР ИВАНОВИЧ 05.07.1951	ГРУППА ПОСЛОВ ПО ОСОБЫМ ПОРУЧЕНИЯМ МИД РФ 06.07.2011 	ПОСОЛ ПО ОСОБЫМ ПОРУЧЕНИЯМ	ЧРЕЗВЫЧАЙНЫЙ И ПОЛНОМОЧНЫЙ ПОСОЛ 10.02.2004
ФАЗЕЛЬЯНОВ ЭНВАРБИК МИХАЙЛОВИЧ 17.12.1949	ПОСОЛЬСТВО РОССИИ В СУДАНЕ 29.08.2007 	ПОСОЛ	ЧРЕЗВЫЧАЙНЫЙ И ПОЛНОМОЧНЫЙ ПОСОЛ 14.11.2012
ФЕДОТОВ АЛЕКСЕЙ ЛЕОНИДОВИЧ 29.06.1949	ГРУППА ПОСЛОВ ПО ОСОБЫМ ПОРУЧЕНИЯМ МИД РФ 12.06.2011 	ПОСОЛ ПО ОСОБЫМ ПОРУЧЕНИЯМ	ЧРЕЗВЫЧАЙНЫЙ И ПОЛНОМОЧНЫЙ ПОСОЛ 04.10.2001
ХАКИМОВ БАХТИЕР МАРУФОВИЧ 19.07.1950	ДЕП. АЗИАТ.И ТИХООКЕАН. СОТРУДНИЧЕСТВА 20.07.2010 	ДИРЕКТОР ДЕПАРТАМЕНТА	ЧРЕЗВЫЧАЙНЫЙ И ПОЛНОМОЧНЫЙ ПОСОЛ 27.07.1998
ЦЕПОВ БОРИС АНАТОЛЬЕВИЧ 13.06.1948	ДЕП. ЛИНГВИСТИЧЕСКОГО ОБЕСПЕЧЕНИЯ 14.06.2009 	ДИРЕКТОР ДЕПАРТАМЕНТА	ЧРЕЗВЫЧАЙНЫЙ И ПОЛНОМОЧНЫЙ ПОСОЛ 19.09.2000
ЧИЖОВ ВЛАДИМИР АЛЕКСЕЕВИЧ 03.12.1953	ПОСТПРЕДСТВО РОССИИ ПРИ ЕС И ЕВРАТОМ 15.07.2005 	ПОСТОЯННЫЙ ПРЕДСТАВИТЕЛЬ	ЧРЕЗВЫЧАЙНЫЙ И ПОЛНОМОЧНЫЙ ПОСОЛ 24.01.2000
ЧУРИЛИН АЛЕКСАНДР АНАТОЛЬЕВИЧ 26.10.1946	ПОСОЛЬСТВО РОССИИ В РУМЫНИИ 09.08.2006 	ПОСОЛ	ЧРЕЗВЫЧАЙНЫЙ И ПОЛНОМОЧНЫЙ ПОСОЛ 13.09.2010
ЧУРКИН ВИТАЛИЙ ИВАНОВИЧ 21.02.1952	ПОСТПРЕДСТВО РОССИИ ПРИ ООН, США 30.04.2006 	ПОСТОЯННЫЙ ПРЕДСТАВИТЕЛЬ	ЧРЕЗВЫЧАЙНЫЙ И ПОЛНОМОЧНЫЙ ПОСОЛ 10.12.1990
ЧХИКВАДЗЕ ВЛАДИМИР ВИКТОРОВИЧ 28.12.1945	ПОСОЛЬСТВО РОССИИ В ЛИТВЕ 05.05.2008 	ПОСОЛ	ЧРЕЗВЫЧАЙНЫЙ И ПОЛНОМОЧНЫЙ ПОСОЛ 21.01.2003
ЧХИКВИШВИЛИ ВЛАДИМИР ИРАКЛИЕВИЧ 15.05.1948	ПОСОЛЬСТВО РОССИИ В ГРЕЦИИ 24.12.2008 	ПОСОЛ	ЧРЕЗВЫЧАЙНЫЙ И ПОЛНОМОЧНЫЙ ПОСОЛ 27.04.2001
ШЕИН АЛЕКСАНДР ПЕТРОВИЧ 19.03.1952	ПОСОЛЬСТВО РОССИИ В ТУНИСЕ 14.01.2011	ПОСОЛ	ЧРЕЗВЫЧАЙНЫЙ И ПОЛНОМОЧНЫЙ ПОСОЛ 10.02.2012
ШИШКИН СЕРГЕЙ НИКОЛАЕВИЧ 15.02.1950	ПОСОЛЬСТВО РОССИИ В УГАНДЕ 14.10.2008 	ПОСОЛ	ЧРЕЗВЫЧАЙНЫЙ И ПОЛНОМОЧНЫЙ ПОСОЛ 30.07.2012
ШМАГИН ЕВГЕНИЙ АЛЕКСЕЕВИЧ 30.12.1949	ГЕНКОНСУЛЬСТВО РОССИИ В БОННЕ, ФРГ 08.06.2010 07.06.2013	ГЕНЕРАЛЬНЫЙ КОНСУЛ	ЧРЕЗВЫЧАЙНЫЙ И ПОЛНОМОЧНЫЙ ПОСОЛ 10.11.2005
ШУВАЕВ ВАЛЕРЬЯН ВЛАДИМИРОВИЧ 16.03.1955	ПОСОЛЬСТВО РОССИИ В ИРАКЕ 16.10.2008 	ПОСОЛ	ЧРЕЗВЫЧАЙНЫЙ И ПОЛНОМОЧНЫЙ ПОСОЛ 21.05.2010
ШУВАЛОВ КОНСТАНТИН ВИКТОРОВИЧ 12.12.1953	ГРУППА ПОСЛОВ ПО ОСОБЫМ ПОРУЧЕНИЯМ МИД РФ 14.09.2009 	ПОСОЛ ПО ОСОБЫМ ПОРУЧЕНИЯМ	ЧРЕЗВЫЧАЙНЫЙ И ПОЛНОМОЧНЫЙ ПОСОЛ 02.07.2003
ШУЛЬГИН АЛЕКСАНДР ВАСИЛЬЕВИЧ 29.03.1951	ПОСОЛЬСТВО РОССИИ В ЛЮКСЕМБУРГЕ 30.10.2009 	ПОСОЛ	ЧРЕЗВЫЧАЙНЫЙ И ПОЛНОМОЧНЫЙ ПОСОЛ 06.03.2007
ШУМСКИЙ ВЯЧЕСЛАВ ДМИТРИЕВИЧ 27.08.1950	ПОСОЛЬСТВО РОССИИ НА КИПРЕ 11.09.2008 	ПОСОЛ	ЧРЕЗВЫЧАЙНЫЙ И ПОЛНОМОЧНЫЙ ПОСОЛ 09.02.2010
ЩЕРБАК ИГОРЬ НИКОЛАЕВИЧ 12.05.1947	ДЕПАРТАМЕНТ МЕЖДУНАРОДНЫХ ОРГАНИЗАЦИЙ 04.05.2010 	ЗАМ.ДИРЕКТОРА ДЕПАРТАМЕНТА	ЧРЕЗВЫЧАЙНЫЙ И ПОЛНОМОЧНЫЙ ПОСОЛ 16.07.2009
ЩЕРБАК ОЛЕГ НИКОЛАЕВИЧ 12.04.1950	ПОСОЛЬСТВО РОССИИ В МАКЕДОНИИ 17.11.2010 	ПОСОЛ	ЧРЕЗВЫЧАЙНЫЙ И ПОЛНОМОЧНЫЙ ПОСОЛ 01.06.2009
ЯКОВЕНКО АЛЕКСАНДР ВЛАДИМИРОВИЧ 21.10.1954	ПОСОЛЬСТВО РОССИИ В ВЕЛИКОБРИТАНИИ 24.01.2011 	ПОСОЛ	ЧРЕЗВЫЧАЙНЫЙ И ПОЛНОМОЧНЫЙ ПОСОЛ 13.07.2004
ЯКОВЛЕВ СЕРГЕЙ ЯКОВЛЕВИЧ 24.01.1948	ПОСОЛЬСТВО РОССИИ В ИЗРАИЛЕ 08.07.2011 	ПОСОЛ	ЧРЕЗВЫЧАЙНЫЙ И ПОЛНОМОЧНЫЙ ПОСОЛ 28.11.2007
